[
    {
        "date": "2025-04-24",
        "present": [
            "Lakshya",
            "Akshay",
            "Dhruv"
        ],
        "absent": []
    },
    {
        "session_id": "2025-04-25_0_43",
        "date": "2025-04-25",
        "start_time": "00:43",
        "present": [
            "Lakshya",
            "Akshay"
        ],
        "absent": [
            "Dhruv"
        ]
    },
    {
        "session_id": "2025-04-25_0_45",
        "date": "2025-04-25",
        "start_time": "00:45",
        "present": [
            "Lakshya"
        ],
        "absent": [
            "Akshay",
            "Dhruv"
        ]
    },
    {
        "session_id": "2025-04-25_0_47",
        "date": "2025-04-25",
        "start_time": "00:47",
        "present": [
            "Lakshya",
            "Akshay"
        ],
        "absent": [
            "Dhruv"
        ]
    },
    {
        "session_id": "2025-04-25_0_50",
        "date": "2025-04-25",
        "start_time": "00:50",
        "present": [
            "Lakshya",
            "Akshay"
        ],
        "absent": [
            "Dhruv"
        ]
    },
    {
        "session_id": "2025-04-25_0_52",
        "date": "2025-04-25",
        "start_time": "00:52",
        "present": [
            "Akshay",
            "Dhruv"
        ],
        "absent": [
            "Lakshya"
        ]
    }
]